{"cameraMode":{"drawMode":0,"name":"Shaded","section":"Shading Mode"},"sceneLighting":false,"audioPlay":false,"sceneViewState":{"showFog":true,"showMaterialUpdate":false,"showSkybox":false,"showFlares":true,"showImageEffects":true,"showParticleSystems":true},"in2DMode":false,"pivot":{"x":-9.5367431640625e-7,"y":0.04590912163257599,"z":-0.07908649742603302},"rotation":{"x":-0.08808282762765885,"y":0.910864531993866,"z":-0.2612426280975342,"w":-0.3071155548095703},"size":1.0794402360916138,"orthographic":false}