{"cameraMode":{"drawMode":0,"name":"Shaded","section":"Shading Mode"},"sceneLighting":false,"audioPlay":false,"sceneViewState":{"showFog":true,"showMaterialUpdate":false,"showSkybox":false,"showFlares":true,"showImageEffects":true,"showParticleSystems":true},"in2DMode":false,"pivot":{"x":0.0,"y":0.8552080988883972,"z":-0.008454948663711548},"rotation":{"x":-0.08808282762765885,"y":0.910864531993866,"z":-0.2612426280975342,"w":-0.3071155548095703},"size":1.9102599620819092,"orthographic":false}