{"cameraMode":{"drawMode":0,"name":"Shaded","section":"Shading Mode"},"sceneLighting":false,"audioPlay":false,"sceneViewState":{"showFog":true,"showMaterialUpdate":false,"showSkybox":false,"showFlares":true,"showImageEffects":true,"showParticleSystems":true},"in2DMode":false,"pivot":{"x":0.0017404556274414063,"y":1.3611876964569092,"z":-0.01506716012954712},"rotation":{"x":-0.08808282762765885,"y":0.910864531993866,"z":-0.2612426280975342,"w":-0.3071155548095703},"size":3.4195122718811037,"orthographic":false}