{"cameraMode":{"drawMode":0,"name":"Shaded","section":"Shading Mode"},"sceneLighting":false,"audioPlay":false,"sceneViewState":{"showFog":true,"showMaterialUpdate":false,"showSkybox":false,"showFlares":true,"showImageEffects":true,"showParticleSystems":true},"in2DMode":false,"pivot":{"x":0.0,"y":1.3614453077316285,"z":-0.01593141257762909},"rotation":{"x":-0.12210526317358017,"y":0.7588644027709961,"z":-0.14894501864910127,"w":-0.6221181750297546},"size":3.407331705093384,"orthographic":false}