{"cameraMode":{"drawMode":0,"name":"Shaded","section":"Shading Mode"},"sceneLighting":false,"audioPlay":false,"sceneViewState":{"showFog":true,"showMaterialUpdate":false,"showSkybox":false,"showFlares":true,"showImageEffects":true,"showParticleSystems":true},"in2DMode":false,"pivot":{"x":0.18585336208343507,"y":1.0653387308120728,"z":-0.1388804316520691},"rotation":{"x":-0.12210526317358017,"y":0.7588644027709961,"z":-0.14894501864910127,"w":-0.6221181750297546},"size":1.0078189373016358,"orthographic":false}