{"cameraMode":{"drawMode":0,"name":"Shaded","section":"Shading Mode"},"sceneLighting":false,"audioPlay":false,"sceneViewState":{"showFog":true,"showMaterialUpdate":false,"showSkybox":false,"showFlares":true,"showImageEffects":true,"showParticleSystems":true},"in2DMode":false,"pivot":{"x":-0.009476423263549805,"y":0.11574219167232514,"z":0.10204172134399414},"rotation":{"x":-0.08808282762765885,"y":0.910864531993866,"z":-0.2612426280975342,"w":-0.3071155548095703},"size":3.634650707244873,"orthographic":false}