{"cameraMode":{"drawMode":0,"name":"Shaded","section":"Shading Mode"},"sceneLighting":false,"audioPlay":false,"sceneViewState":{"showFog":true,"showMaterialUpdate":false,"showSkybox":false,"showFlares":true,"showImageEffects":true,"showParticleSystems":true},"in2DMode":false,"pivot":{"x":0.0,"y":1.3405096530914307,"z":-0.01575727015733719},"rotation":{"x":-0.12210526317358017,"y":0.7588644027709961,"z":-0.14894501864910127,"w":-0.6221181750297546},"size":3.4029760360717775,"orthographic":false}