{"cameraMode":{"drawMode":0,"name":"Shaded","section":"Shading Mode"},"sceneLighting":false,"audioPlay":false,"sceneViewState":{"showFog":true,"showMaterialUpdate":false,"showSkybox":false,"showFlares":true,"showImageEffects":true,"showParticleSystems":true},"in2DMode":false,"pivot":{"x":0.0,"y":0.8652762174606323,"z":-0.06260955333709717},"rotation":{"x":-0.08808282762765885,"y":0.910864531993866,"z":-0.2612426280975342,"w":-0.3071155548095703},"size":1.9914882183074952,"orthographic":false}